{"extensionType":"field_faas","i18nMap":{"zh-CN":{"file":"附件","filePlaceholder":"请选择附件字段","fileInfo":"附件信息","help_document":"展示附件的详细元信息，包括附件名、大小、格式等","fileName":"附件名","fileSize":"附件大小","fileType":"附件类型","fileUrl":"附件链接(临时)","fileSizeBytes":"附件大小/B","fileSizeKB":"附件大小/KB","fileSizeMB":"附件大小/MB","fileSizeGB":"附件大小/GB","fileExtension":"附件扩展名"},"en-US":{"file":"Attachment","filePlaceholder":"Please select an attachment field","fileInfo":"Attachment Information","help_document":"Display detailed metadata of attachments, including attachment name, size, format, etc.","fileName":"Attachment Name","fileSize":"Attachment Size","fileType":"Attachment Type","fileUrl":"Attachment URL (Temporary)","fileSizeBytes":"Attachment Size / B","fileSizeKB":"Attachment Size / KB","fileSizeMB":"Attachment Size / MB","fileSizeGB":"Attachment Size / GB","fileExtension":"Attachment Extension"},"ja-JP":{"file":"添付ファイル","filePlaceholder":"添付ファイルフィールドを選択してください","fileInfo":"添付ファイル情報","help_document":"添付ファイル名、サイズ、形式などの添付ファイルの詳細メタデータを表示します","fileName":"添付ファイル名","fileSize":"添付ファイルサイズ","fileType":"添付ファイルタイプ","fileUrl":"添付ファイルURL(一時的)","fileSizeBytes":"添付ファイルサイズ/B","fileSizeKB":"添付ファイルサイズ/KB","fileSizeMB":"添付ファイルサイズ/MB","fileSizeGB":"添付ファイルサイズ/GB","fileExtension":"添付ファイル拡張子"}},"fields":[{"fieldType":25,"uiSchema":{"fieldsConfigEditor":{"component":"OpenFieldMetaEditor","props":{"schema":{"items":[{"key":"file","label":"${{file}}","component":"FieldSelect","props":{"placeholder":"${{filePlaceholder}}","supportType":[17]},"validator":{"required":true},"tooltips":[{"type":"text","content":"${{help_document}}"}]}]}}}},"presetFieldConfig":{"fieldProperty":{"propertyType":25,"icon":{"light":"https://lf3-static.bytednsdoc.com/obj/eden-cn/abjayvoz/ljhwZthlaukjlkulzlp/attachment-info-icon.png"},"properties":[{"key":"id","title":"ID","hidden":true,"propertyType":1},{"key":"primaryProperty","title":"${{fileName}}","propertyType":1},{"key":"fileSize","title":"${{fileSize}}","propertyType":1},{"key":"fileSizeBytes","title":"${{fileSizeBytes}}","extra":{"formatter":"0.0"},"propertyType":2},{"key":"fileSizeKB","title":"${{fileSizeKB}}","extra":{"formatter":"0.00"},"propertyType":2},{"key":"fileSizeMB","title":"${{fileSizeMB}}","extra":{"formatter":"0.00"},"propertyType":2},{"key":"fileSizeGB","title":"${{fileSizeGB}}","extra":{"formatter":"0.000"},"propertyType":2},{"key":"fileType","title":"${{fileType}}","propertyType":1},{"key":"fileExtension","title":"${{fileExtension}}","propertyType":1},{"key":"fileUrl","title":"${{fileUrl}}","propertyType":1}]},"externalEditorConfig":{}}}]}